{"cameraMode":{"drawMode":0,"name":"Shaded","section":"Shading Mode"},"sceneLighting":true,"audioPlay":false,"sceneViewState":{"showFog":true,"showMaterialUpdate":false,"showSkybox":true,"showFlares":true,"showImageEffects":true,"showParticleSystems":true},"in2DMode":false,"pivot":{"x":562.8661499023438,"y":775.259033203125,"z":-389.17462158203127},"rotation":{"x":-0.00012985443754587322,"y":0.9973559975624085,"z":-0.00032000645296648145,"w":0.07372710108757019},"size":3108.46923828125,"orthographic":false}